C,SF,S,QP,W,SP,F,WB,FT,FL,FD,A,CS
960,240,754,0,234,45,14.4,0.2,1,6,0.16,56,199.4
828,207,911,248,186.4,21,24.84,0.18,1,12,0.2,28,198.9
1116.7,390.85,625.35,0,212.17,23.45,33.501,0.14,1,13,0.2,42,198.7
960,240,767.2,0,234,45,9.6,0.2,1,6,0.16,56,197.2
960,240,773.8,0,234,45,7.2,0.2,1,6,0.16,90,197.2
1076.77,286.23,1090.8,0,272.6,46.2,32.3031,0.2,1,12.7,0.2,28,197
1116.7,390.85,625.35,0,212.17,23.45,55.835,0.14,1,13,0.2,28,196.8
1116.7,390.85,625.35,0,212.17,23.45,22.334,0.14,1,13,0.2,42,196.4
960,240,780.5,0,234,45,4.8,0.2,1,6,0.16,90,195.4
853,170.6,1023.6,255.9,196.19,29.86,51.18,0.19,1,16,0.2,56,194.7
853,170.6,1023.6,255.9,196.19,29.86,51.18,0.19,1,12,0.2,56,193.7
960,240,773.8,0,234,45,7.2,0.2,1,6,0.16,56,193.6
960,240,787.1,0,234,45,2.4,0.2,1,6,0.16,90,193.6
784,261,1045,0,171,20.9,23.52,0.16,1,13,0.2,90,192.7
960,240,780.5,0,234,45,4.8,0.2,1,6,0.16,56,191.8
853,170.6,1023.6,255.9,196.19,29.86,51.18,0.19,1,8,0.2,56,190.5
1116.7,390.85,625.35,0,212.17,23.45,44.668,0.14,1,13,0.2,28,189.4
960,240,787.1,0,234,45,2.4,0.2,1,6,0.16,56,188.6
960,240,740.7,0,234,45,19.2,0.2,1,6,0.16,28,188.3
792,264,1056,0,173,21.1,15.84,0.16,1,13,0.2,90,187
960,240,754,0,234,45,14.4,0.2,1,6,0.16,28,185.4
853,170.6,1023.6,255.9,196.19,29.86,25.59,0.19,1,12,0.2,56,185.3
853,170.6,1023.6,255.9,196.19,29.86,25.59,0.19,1,16,0.2,56,184.2
788,197,866.8,315,173,14.77,19.7,0.18,1,13,0.16,28,184
853,170.6,1023.6,255.9,196.19,29.86,25.59,0.19,1,8,0.2,56,183.2
784,261,1045,0,171,20.9,23.52,0.16,1,13,0.2,28,182.9
788,197,866.8,315,173,14.77,19.7,0.18,1,6,0.16,28,182.3
853,170.6,1023.6,255.9,196.19,29.86,51.18,0.19,1,12,0.2,28,182.1
853,170.6,1023.6,255.9,196.19,29.86,51.18,0.19,1,8,0.2,28,180
788,197,866.8,315,173,14.77,19.7,0.18,1,13,0.16,21,180
853,170.6,1023.6,255.9,196.19,29.86,51.18,0.19,1,16,0.2,28,178.9
960,240,767.2,0,234,45,9.6,0.2,1,6,0.16,28,178.9
863,216,1079,0,194.22,43.16,25.89,0.18,1,13,0.2,28,176.4
960,240,773.8,0,234,45,7.2,0.2,1,6,0.16,28,176.1
853,170.6,1023.6,255.9,196.19,29.86,8.53,0.19,1,16,0.2,56,175.8
1116.7,390.85,625.35,0,212.17,23.45,33.501,0.14,1,13,0.2,28,175.6
788,197,866.8,315,173,14.77,19.7,0.18,1,6,0.16,21,175.5
853,170.6,1023.6,255.9,196.19,29.86,25.59,0.19,1,12,0.2,28,174.7
1076.77,286.23,1090.8,0,272.6,46.2,32.3031,0.2,1,12.7,0.2,28,174.5
1116.7,390.85,625.35,0,212.17,23.45,33.501,0.14,1,13,0.2,28,174.4
788,197,866.8,315,173,14.77,15.76,0.18,1,13,0.16,28,173.8
853,170.6,1023.6,255.9,196.19,29.86,25.59,0.19,1,16,0.2,28,173.7
853,170.6,1023.6,255.9,196.19,29.86,8.53,0.19,1,8,0.2,56,173.7
853,170.6,1023.6,255.9,196.19,29.86,8.53,0.19,1,12,0.2,56,173.7
960,240,780.5,0,234,45,4.8,0.2,1,6,0.16,28,173.6
1116.7,390.85,625.35,0,212.17,23.45,44.668,0.14,1,13,0.2,28,173.3
792,264,1056,0,173,21.1,15.84,0.16,1,13,0.2,28,173.1
853,170.6,1023.6,255.9,196.19,29.86,25.59,0.19,1,8,0.2,28,172.6
1076.77,286.23,1090.8,0,272.6,46.2,32.3031,0.2,1,12.7,0.2,28,172.5
800,267,1067,0,175,21.3,8,0.16,1,13,0.2,90,172.3
960,240,787.1,0,234,45,2.4,0.2,1,6,0.16,28,172.1
788,197,866.8,315,173,14.77,19.7,0.18,1,13,0.16,14,171.9
853,170.6,1023.6,255.9,196.19,29.86,51.18,0.19,1,16,0.2,14,171.6
788,197,866.8,315,173,14.77,15.76,0.18,1,13,0.16,21,170.7
788,197,866.8,315,173,14.77,19.7,0.18,1,6,0.16,14,170.6
1116.7,390.85,625.35,0,212.17,23.45,22.334,0.14,1,13,0.2,28,169.8
850,212.5,935,255,212.5,21.2,25.5,0.2,1,12,0.2,28,169.1
1116.7,390.85,625.35,0,212.17,23.45,55.835,0.14,1,13,0.2,21,168.5
853,170.6,1023.6,255.9,196.19,29.86,51.18,0.19,1,8,0.2,14,168.4
1076.77,286.23,1090.8,0,272.6,46.2,32.3031,0.2,1,12.7,0.2,28,168.1
1116.7,390.85,625.35,0,212.17,23.45,44.668,0.14,1,13,0.2,28,167.5
853,170.6,1023.6,255.9,196.19,29.86,51.18,0.19,1,12,0.2,14,167.4
853,170.6,1023.6,255.9,196.19,29.86,8.53,0.19,1,16,0.2,28,167.4
788,197,866.8,315,173,14.77,15.76,0.18,1,6,0.16,28,167.3
853,170.6,1023.6,255.9,196.19,29.86,8.53,0.19,1,12,0.2,28,166.3
788,197,866.8,315,173,14.77,15.76,0.18,1,13,0.16,14,165.6
1116.7,390.85,625.35,0,212.17,23.45,44.668,0.14,1,13,0.2,21,165
863,216,1079,0,194.22,43.16,17.26,0.18,1,13,0.2,28,164.6
853,170.6,1023.6,255.9,196.19,29.86,8.53,0.19,1,8,0.2,28,164.2
936,140.4,1170,0,224.64,28.08,18.72,0.21,1,13,0.2,28,163.8
1116.7,390.85,625.35,0,212.17,23.45,22.334,0.14,1,13,0.2,28,163.8
853,170.6,1023.6,255.9,196.19,29.86,25.59,0.19,1,12,0.2,14,163.2
784,261,1045,0,171,20.9,23.52,0.16,1,13,0.2,90,162.6
853,170.6,1023.6,255.9,196.19,29.86,25.59,0.19,1,8,0.2,14,162.1
1116.7,390.85,625.35,0,212.17,23.45,22.334,0.14,1,13,0.2,21,160.3
853,170.6,1023.6,255.9,196.19,29.86,25.59,0.19,1,16,0.2,14,160
788,197,866.8,315,173,14.77,15.76,0.18,1,6,0.16,21,159.2
850,212.5,935,255,212.5,21.2,25.5,0.2,1,12,0.2,28,159.1
1076.77,286.23,1090.8,0,272.6,46.2,32.3031,0.2,1,12.7,0.2,28,158.2
960,240,740.7,0,234,45,19.2,0.2,1,6,0.16,7,157.8
853,170.6,1023.6,255.9,196.19,29.86,51.18,0.19,1,16,0.2,7,156.8
828,207,911,248,186.4,21,24.84,0.18,1,12,0.2,7,156.8
792,264,1056,0,173,21.1,15.84,0.16,1,13,0.2,91,156.8
853,170.6,1023.6,255.9,196.19,29.86,8.53,0.19,1,12,0.2,14,156.8
792,264,1056,0,173,21.1,15.84,0.16,1,13,0.2,91,156.5
792,264,1056,0,173,21.1,15.84,0.16,1,13,0.2,90,156.3
853,170.6,1023.6,255.9,196.19,29.86,51.18,0.19,1,8,0.2,7,155.8
788,197,866.8,315,173,14.77,19.7,0.18,1,13,0.16,7,155.8
853,170.6,1023.6,255.9,196.19,29.86,8.53,0.19,1,16,0.2,14,155.8
741,185,815,259,185,9,14.82,0.2,1,13,0.2,28,154.9
853,170.6,1023.6,255.9,196.19,29.86,51.18,0.19,1,12,0.2,7,154.7
853,170.6,1023.6,255.9,196.19,29.86,8.53,0.19,1,8,0.2,14,154.7
900,108,1000,0,161.28,18,11.25,0.16,1,35,0.603,28,154.1
1116.7,390.85,625.35,0,212.17,23.45,44.668,0.14,1,13,0.2,7,153.2
788,197,866.8,315,173,14.77,15.76,0.18,1,6,0.16,14,152.8
788,197,866.8,315,173,14.77,19.7,0.18,1,6,0.16,7,152.6
784,261,1045,0,171,20.9,23.52,0.16,1,13,0.2,28,152
853,170.6,1023.6,255.9,196.19,29.86,25.59,0.19,1,16,0.2,7,150.5
741,185,815,259,185,9,14.82,0.2,1,13,0.2,91,150.4
960,240,960,0,207,24,76.8,0.17,1,13,0.18,28,150.2
788,197,866.8,315,173,14.77,15.76,0.18,1,13,0.16,7,150.2
800,267,1067,0,175,21.3,8,0.16,1,13,0.2,28,150.2
853,170.6,1023.6,255.9,196.19,29.86,25.59,0.19,1,8,0.2,7,149.5
960,240,754,0,234,45,14.4,0.2,1,6,0.16,7,149.2
850,212.5,935,255,212.5,21.2,25.5,0.2,1,12,0.2,28,148.7
853,170.6,1023.6,255.9,196.19,29.86,25.59,0.19,1,12,0.2,7,148.4
1116.7,390.85,625.35,0,212.17,23.45,22.334,0.14,1,13,0.2,28,148.1
784,261,1045,0,171,20.9,23.52,0.16,1,13,0.2,7,147.8
960,240,767.2,0,234,45,9.6,0.2,1,6,0.16,7,146.7
792,264,1056,0,173,21.1,15.84,0.16,1,13,0.2,28,145.7
1116.7,390.85,625.35,0,212.17,23.45,55.835,0.14,1,13,0.2,7,145
800,267,1067,0,175,21.3,8,0.16,1,13,0.2,90,144.8
863,216,1079,0,194.22,43.16,8.63,0.18,1,13,0.2,28,144.7
792,264,1056,0,173,21.1,15.84,0.16,1,13,0.2,28,144.4
853,170.6,1023.6,255.9,196.19,29.86,8.53,0.19,1,16,0.2,7,144.2
792,264,1056,0,173,21.1,15.84,0.16,1,13,0.2,28,143.6
960,240,773.8,0,234,45,7.2,0.2,1,6,0.16,7,143.5
792,264,1056,0,173,21.1,15.84,0.16,1,13,0.2,7,142.8
1116.7,390.85,625.35,0,212.17,23.45,33.501,0.14,1,13,0.2,21,142.6
853,170.6,1023.6,255.9,196.19,29.86,8.53,0.19,1,8,0.2,7,142.1
853,170.6,1023.6,255.9,196.19,29.86,8.53,0.19,1,12,0.2,7,142.1
1116.7,390.85,625.35,0,212.17,23.45,33.501,0.14,1,13,0.2,7,141.4
1116.7,390.85,625.35,0,212.17,23.45,22.334,0.14,1,13,0.2,28,141.1
960,240,780.5,0,234,45,4.8,0.2,1,6,0.16,7,140.6
1116.7,390.85,625.35,0,212.17,23.45,22.334,0.14,1,13,0.2,28,140.5
1000,250,1000,0,200,50,15,0.16,1,12,0.2,28,140
960,240,787.1,0,234,45,2.4,0.2,1,6,0.16,7,137.7
828,207,911,248,186.4,21,24.84,0.18,1,12,0.2,3,136.6
960,240,960,0,260,24,76.8,0.22,1,13,0.18,28,136.4
960,240,960,0,228,24,76.8,0.19,1,13,0.18,28,136.1
950,255,873,0,189,31,23.75,0.16,1,13,0.2,90,135.6
1116.7,390.85,625.35,0,212.17,23.45,22.334,0.14,1,13,0.2,7,135.5
1076.77,286.23,1090.8,0,272.6,46.2,32.3031,0.2,1,12.7,0.2,28,135.1
960,240,960,0,286,24,76.8,0.24,1,13,0.18,28,132.6
788,197,866.8,315,173,14.77,15.76,0.18,1,6,0.16,7,132.4
950,255,873,0,189,31,23.75,0.16,1,13,0.2,28,130.8
1116.7,390.85,625.35,0,212.17,23.45,44.668,0.14,1,13,0.2,28,129.6
1000,250,1000,0,200,50,10,0.16,1,12,0.2,28,129.5
800,267,1067,0,175,21.3,8,0.16,1,13,0.2,7,128.1
800,267,1067,0,175,21.3,8,0.16,1,13,0.2,28,126.6
784,261,1045,0,171,20.9,23.52,0.16,1,13,0.2,7,123.2
784,261,1045,0,171,20.9,23.52,0.16,1,13,0.2,3,122.4
741,185,815,259,185,9,14.82,0.2,1,13,0.2,7,121.3
960,240,698.3,0,234,78,14.4,0.2,5,13,0.018,90,194.3
960,240,649.3,0,234,96,19.2,0.2,5,13,0.018,90,193.4
960,240,798.8,0,234,39,9.6,0.2,5,13,0.018,90,191.1
960,240,793.9,0,234,42,7.2,0.2,5,13,0.018,90,188.9
960,240,788.9,0,234,45,4.8,0.2,5,13,0.018,90,188.3
960,240,698.3,0,234,78,14.4,0.2,5,13,0.018,56,188.1
960,240,649.3,0,234,96,19.2,0.2,5,13,0.018,56,186.6
960,240,791.3,0,234,45,2.4,0.2,5,13,0.018,90,185.8
998.8,176.25,954.5,0,141,81.7,14.982,0.12,5,13,0.018,28,184.4
960,240,798.8,0,234,39,9.6,0.2,5,13,0.018,56,183.7
998.8,176.25,920.8,0,141,84.6,24.97,0.12,5,13,0.018,28,183.5
998.8,176.25,942.7,0,141,82.8,19.976,0.12,5,13,0.018,28,183.5
998.8,176.25,898.7,0,141,88.2,29.964,0.12,5,13,0.018,28,183.4
960,240,793.9,0,234,42,7.2,0.2,5,13,0.018,56,183.4
998.8,176.25,975,0,141,78.7,9.988,0.12,5,13,0.018,28,181
960,240,788.9,0,234,45,4.8,0.2,5,13,0.018,56,180.6
998.8,176.25,930.6,0,164.5,55.2,24.97,0.14,5,13,0.018,28,180.1
998.8,176.25,946.8,0,164.5,54.1,19.976,0.14,5,13,0.018,28,180.1
998.8,176.25,962.9,0,164.5,52.9,14.982,0.14,5,13,0.018,28,180.1
998.8,176.25,900.1,0,164.5,62.3,29.964,0.14,5,13,0.018,28,179.9
998.8,176.25,981.9,0,164.5,50.5,9.988,0.14,5,13,0.018,28,178.6
960,240,791.3,0,234,45,2.4,0.2,5,13,0.018,56,178.4
960,240,698.3,0,234,78,14.4,0.2,5,13,0.018,28,177.3
960,240,649.3,0,234,96,19.2,0.2,5,13,0.018,28,174.3
960,240,798.8,0,234,39,9.6,0.2,5,13,0.018,28,172
960,240,793.9,0,234,42,7.2,0.2,5,13,0.018,28,171.1
998.8,176.25,991.1,0,141,77.6,4.994,0.12,5,13,0.018,28,169.1
960,240,788.9,0,234,45,4.8,0.2,5,13,0.018,28,165.8
998.8,176.25,998,0,164.5,49.4,4.994,0.14,5,13,0.018,28,164.5
998.8,176.25,954.5,0,141,81.7,14.982,0.12,5,13,0.018,14,164.3
998.8,176.25,920.8,0,141,84.6,24.97,0.12,5,13,0.018,14,164.2
998.8,176.25,942.7,0,141,82.8,19.976,0.12,5,13,0.018,14,164.2
998.8,176.25,898.7,0,141,88.2,29.964,0.12,5,13,0.018,14,163.8
998.8,176.25,975,0,141,78.7,9.988,0.12,5,13,0.018,14,162
960,240,791.3,0,234,45,2.4,0.2,5,13,0.018,28,161.1
998.8,176.25,962.9,0,164.5,52.9,14.982,0.14,5,13,0.018,14,158.7
998.8,176.25,946.8,0,164.5,54.1,19.976,0.14,5,13,0.018,14,158.4
998.8,176.25,900.1,0,164.5,62.3,29.964,0.14,5,13,0.018,14,158.2
998.8,176.25,930.6,0,164.5,55.2,24.97,0.14,5,13,0.018,14,158.2
998.8,176.25,991.1,0,141,77.6,4.994,0.12,5,13,0.018,14,157.5
998.8,176.25,981.9,0,164.5,50.5,9.988,0.14,5,13,0.018,14,152
998.8,176.25,954.5,0,141,81.7,14.982,0.12,5,13,0.018,7,151.7
998.8,176.25,898.7,0,141,88.2,29.964,0.12,5,13,0.018,7,151.3
998.8,176.25,920.8,0,141,84.6,24.97,0.12,5,13,0.018,7,151.3
998.8,176.25,942.7,0,141,82.8,19.976,0.12,5,13,0.018,7,151.1
960,240,698.3,0,234,78,14.4,0.2,5,13,0.018,7,149
998.8,176.25,998,0,164.5,49.4,4.994,0.14,5,13,0.018,14,147.5
998.8,176.25,975,0,141,78.7,9.988,0.12,5,13,0.018,7,146.1
960,240,649.3,0,234,96,19.2,0.2,5,13,0.018,7,146
960,240,798.8,0,234,39,9.6,0.2,5,13,0.018,7,143.7
998.8,176.25,962.9,0,164.5,52.9,14.982,0.14,5,13,0.018,7,143.5
998.8,176.25,930.6,0,164.5,55.2,24.97,0.14,5,13,0.018,7,143.2
998.8,176.25,946.8,0,164.5,54.1,19.976,0.14,5,13,0.018,7,143.2
998.8,176.25,900.1,0,164.5,62.3,29.964,0.14,5,13,0.018,7,143
998.8,176.25,991.1,0,141,77.6,4.994,0.12,5,13,0.018,7,142.4
960,240,793.9,0,234,42,7.2,0.2,5,13,0.018,7,140.6
998.8,176.25,981.9,0,164.5,50.5,9.988,0.14,5,13,0.018,7,137.6
960,240,788.9,0,234,45,4.8,0.2,5,13,0.018,7,137.4
960,240,791.3,0,234,45,2.4,0.2,5,13,0.018,7,134
998.8,176.25,998,0,164.5,49.4,4.994,0.14,5,13,0.018,7,131.6
828,207,911,248,186.4,21,24.84,0.18,4,10,0.44,28,175.3
922,230,1152,0,184,11.52,13.83,0.16,4,12,0.018,28,168.2
922,230,1152,0,184,11.52,9.22,0.16,4,12,0.018,28,167.5
828,207,911,248,186.4,21,16.56,0.18,4,10,0.44,28,165.6
922,230,1152,0,184,11.52,4.61,0.16,4,12,0.018,28,163.7
922,230,1152,0,184,11.52,16.135,0.16,4,12,0.018,28,163.4
1000,250,1000,0,200,50,10,0.16,4,12,0.018,28,159.6
922,230,1152,0,184,11.52,1.844,0.16,4,12,0.018,28,158.9
828,207,911,248,186.4,21,8.28,0.18,4,10,0.44,28,155.2
828,207,911,248,186.4,21,24.84,0.18,4,10,0.86,28,155.1
850,212.5,935,255,212.5,21.2,2.55,0.2,4,9,0.013,28,153.2
828,207,911,248,186.4,21,24.84,0.18,4,10,0.44,7,153
828,207,911,248,186.4,21,16.56,0.18,4,10,0.86,28,152.6
1000,250,1000,0,200,50,5,0.16,4,12,0.018,28,151.8
828,207,911,248,186.4,21,8.28,0.18,4,10,0.86,28,150.4
850,212.5,935,255,212.5,21.2,0.85,0.2,4,9,0.013,28,149.8
850,212.5,935,255,212.5,21.2,25.5,0.2,4,10,0.4,28,148.6
1000,250,1000,0,200,50,15,0.16,4,12,0.018,28,148.4
828,207,911,248,186.4,21,24.84,0.18,4,20,0.86,28,148.1
850,212.5,935,255,212.5,21.2,25.5,0.2,4,10,0.44,28,147.2
850,212.5,935,255,212.5,21.2,17,0.2,4,10,0.44,28,143
850,212.5,935,255,212.5,21.2,4.25,0.2,4,9,0.013,28,141.7
850,212.5,935,255,212.5,21.2,25.5,0.2,4,10,0.86,28,140.8
828,207,911,248,186.4,21,16.56,0.18,4,10,0.44,7,140.1
850,212.5,935,255,212.5,21.2,25.5,0.2,4,10,0.44,28,139.1
850,212.5,935,255,212.5,21.2,5.95,0.2,4,9,0.013,28,137.1
828,207,911,248,186.4,21,24.84,0.18,4,10,0.44,3,136
850,212.5,935,255,212.5,21.2,17,0.2,4,10,0.86,28,135.8
828,207,911,248,186.4,21,8.28,0.18,4,10,0.44,7,135.1
875,150,1100,0,180,35,8.75,0.18,4,24,0.023,28,135.1
875,150,1100,0,180,35,6.5625,0.18,4,24,0.023,28,134.9
850,212.5,935,255,212.5,21.2,17,0.2,4,10,0.44,28,132.1
850,212.5,935,255,212.5,21.2,25.5,0.2,4,10,0.86,28,131.2
850,212.5,935,255,212.5,21.2,25.5,0.2,4,10,0.44,28,131.1
875,150,1100,0,180,35,6.5625,0.18,4,24,0.023,28,130.8
875,150,1100,0,180,35,8.75,0.18,4,24,0.023,28,130.1
875,150,1100,0,180,35,6.5625,0.18,4,24,0.023,28,129.8
828,207,911,248,186.4,21,16.56,0.18,4,10,0.44,3,129
850,212.5,935,255,212.5,21.2,8.5,0.2,4,10,0.86,28,128
850,212.5,935,255,212.5,21.2,8.5,0.2,4,10,0.44,28,127.4
850,212.5,935,255,212.5,21.2,17,0.2,4,10,0.86,28,126.3
828,207,911,248,186.4,21,24.84,0.18,4,10,0.86,7,125.6
850,212.5,935,255,212.5,21.2,8.5,0.2,4,10,0.44,28,125.5
875,150,1100,0,180,35,8.75,0.18,4,24,0.023,28,125.4
922,230,1152,0,184,11.52,13.83,0.16,4,12,0.018,7,125.1
828,207,911,248,186.4,21,16.56,0.18,4,10,0.86,7,123.6
850,212.5,935,255,212.5,21.2,8.5,0.2,4,10,0.44,28,123
828,207,911,248,186.4,21,8.28,0.18,4,10,0.86,7,121.8
850,212.5,935,255,212.5,21.2,25.5,0.2,4,10,0.86,28,121.7
850,212.5,935,255,212.5,21.2,17,0.2,4,10,0.44,28,121.6
850,212.5,935,255,212.5,21.2,8.5,0.2,4,10,0.86,28,121.1
850,212.5,935,255,212.5,21.2,25.5,0.2,3,15,0.6,28,165
936,140.4,1170,0,224.64,28.08,11.232,0.21,3,12,0.038,28,160.5
936,140.4,1170,0,224.64,28.08,7.488,0.21,3,12,0.038,28,154.8
936,140.4,1170,0,224.64,28.08,3.744,0.21,3,12,0.038,28,150.3
900,108,1000,0,161.28,18,3.06,0.16,3,54,0.054,28,139.8
850,212.5,935,255,212.5,21.2,2.55,0.2,3,9,0.017,28,138.9
900,108,1000,0,161.28,18,4.68,0.16,3,48,0.75,28,138.8
900,108,1000,0,161.28,18,6.21,0.16,3,48,0.75,28,137.8
833,167,836,363,184,24,1.666,0.18,3,20,0.034,28,135.7
833,167,836,363,184,24,1.666,0.18,3,20,0.034,28,135.6
900,108,1000,0,161.28,18,4.68,0.16,3,54,0.054,28,134.7
900,108,1000,0,161.28,18,6.21,0.16,3,54,0.054,28,132.7
900,108,1000,0,161.28,18,3.06,0.16,3,48,0.75,28,125.5
920,258,1030,0,235.6,30.6,92,0.2,2,18,0.15,7,134
920,258,1030,0,235.6,30.6,184,0.2,2,18,0.15,7,126
920,258,1030,0,235.6,30.6,92,0.2,2,12,0.15,7,125
920,258,1030,0,235.6,30.6,92,0.2,2,6,0.15,7,120
850,260,850,212,170,45,156,0.15,1,13,0.2,28,200
850,260,850,212,170,45,156,0.15,1,13,0.2,28,199.9
788.5,433.7,867.4,0,160.3,52.6,78,0.13,1,13,0.2,28,199.6
788.5,433.7,867.4,0,160.3,52.6,39,0.13,1,13,0.2,28,198.6
850,260,850,212,170,45,156,0.15,1,13,0.2,28,198.5
850,260,850,212,170,45,156,0.15,1,13,0.2,28,197.9
850,260,850,212,170,45,156,0.15,1,13,0.2,28,197.6
850,260,850,212,170,45,156,0.15,1,13,0.2,28,196.9
850,260,850,212,170,45,156,0.15,1,13,0.2,28,196.9
788.5,433.7,867.4,0,160.3,52.6,0,0.13,1,13,0.2,28,195.2
850,260,850,212,170,45,156,0.15,1,13,0.2,28,195.2
850,260,850,212,170,45,156,0.15,1,13,0.2,28,194.9
850,260,850,212,170,45,156,0.15,1,13,0.2,28,193.5
788.5,197.1,1104,0,160.3,50,156,0.16,1,13,0.2,28,192.3
850,260,850,212,170,45,156,0.15,1,13,0.2,28,192.2
850,260,850,212,170,45,156,0.15,1,13,0.2,28,192.2
850,260,850,212,170,45,156,0.15,1,13,0.2,28,191.2
850,260,850,212,170,45,156,0.15,1,13,0.2,28,190.2
850,260,850,212,170,45,156,0.15,1,13,0.2,28,188.2
850,260,850,212,170,45,156,0.15,1,13,0.2,28,187.5
788.5,197.1,1104,0,160.3,50,156,0.16,1,13,0.2,28,187.1
850,260,850,212,170,45,156,0.15,1,13,0.2,28,186.8
788.5,433.7,867.4,0,160.3,52.6,78,0.13,1,13,0.2,28,186.7
850,260,850,212,170,45,156,0.15,1,13,0.2,28,186.1
850,260,850,212,170,45,156,0.15,1,13,0.2,28,185.2
850,260,850,212,170,45,156,0.15,1,13,0.2,28,184.4
850,260,850,212,170,45,156,0.15,1,13,0.2,28,184
960,240,740.7,0,234,45,156,0.2,1,13,0.2,180,182.4
850,260,850,212,170,45,156,0.15,1,13,0.2,28,182.4
850,260,850,212,170,45,156,0.15,1,13,0.2,28,182.4
850,260,850,212,170,45,156,0.15,1,13,0.2,28,181.7
850,260,850,212,170,45,156,0.15,1,13,0.2,28,181
850,260,850,212,170,45,156,0.15,1,13,0.2,28,181
850,260,850,212,170,45,156,0.15,1,13,0.2,28,180.8
960,240,740.7,0,234,45,156,0.2,1,13,0.2,90,180.3
850,260,850,212,170,45,156,0.15,1,13,0.2,28,180.3
1151.11,211.89,1231,0,272.6,46.2,234,0.2,1,13,0.2,28,179
960,240,754,0,234,45,117,0.2,1,13,0.2,180,178.1
960,240,706.2,0,234,57,156,0.2,1,13,0.2,180,177.2
1151.11,211.89,1231,0,272.6,46.2,234,0.2,1,13,0.2,28,177
960,240,754,0,234,45,117,0.2,1,13,0.2,90,176.8
850,260,850,212,170,45,156,0.15,1,13,0.2,28,176.6
960,240,767.2,0,234,45,78,0.2,1,13,0.2,180,175.2
850,260,850,212,170,45,156,0.15,1,13,0.2,28,174.6
960,240,720.7,0,234,57,117,0.2,1,13,0.2,180,174.2
960,240,767.2,0,234,45,78,0.2,1,13,0.2,90,173.6
960,240,740.7,0,234,45,156,0.2,1,13,0.2,56,173.2
850,260,850,212,170,45,156,0.15,1,13,0.2,28,173.2
850,260,850,212,170,45,156,0.15,1,13,0.2,28,172.9
960,240,754,0,234,45,117,0.2,1,13,0.2,56,172.7
960,240,706.2,0,234,57,156,0.2,1,13,0.2,90,172.5
960,240,764.7,0,234,45,78,0.2,1,13,0.2,180,172.5
960,240,773.8,0,234,45,58.5,0.2,1,13,0.2,180,172.3
850,260,850,212,170,45,156,0.15,1,13,0.2,28,171.2
960,240,720.7,0,234,57,117,0.2,1,13,0.2,90,170.9
960,240,780.5,0,234,45,39,0.2,1,13,0.2,180,170.9
960,240,767.2,0,234,45,78,0.2,1,13,0.2,56,170.7
1151.11,211.89,1231,0,272.6,46.2,234,0.2,1,13,0.2,28,170.6
960,240,773.8,0,234,45,58.5,0.2,1,13,0.2,90,170.5
850,260,850,212,170,45,156,0.15,1,13,0.2,28,170.4
960,240,771.9,0,234,45,58.5,0.2,1,13,0.2,180,170.3
960,240,787.1,0,234,45,19.5,0.2,1,13,0.2,180,169.8
960,240,780.5,0,234,45,39,0.2,1,13,0.2,90,169.4
960,240,764.7,0,234,45,78,0.2,1,13,0.2,90,169.1
960,240,779.2,0,234,45,39,0.2,1,13,0.2,180,169.1
950,234,1030,95,215,12.7,234,0.18,1,13,0.2,28,168.6
960,240,771.9,0,234,45,58.5,0.2,1,13,0.2,90,167.9
960,240,786.4,0,234,45,19.5,0.2,1,13,0.2,180,167.9
960,240,787.1,0,234,45,19.5,0.2,1,13,0.2,90,167.8
960,240,779.2,0,234,45,39,0.2,1,13,0.2,90,167.7
960,240,773.8,0,234,45,58.5,0.2,1,13,0.2,56,167.6
960,240,706.2,0,234,57,156,0.2,1,13,0.2,56,166.7
784,261,1045,0,171,20.9,234,0.16,1,13,0.2,90,166.51
960,240,780.5,0,234,45,39,0.2,1,13,0.2,56,166.2
729,124,833,397,170,30,156,0.2,1,13,0.2,28,166.1
808,202,1091,0,202,24,234,0.2,1,13,0.2,28,165.7
890,222,799,0,222,29.6,119,0.2,1,13,0.25,28,165.6
960,240,720.7,0,234,57,117,0.2,1,13,0.2,56,165.5
960,240,786.4,0,234,45,19.5,0.2,1,13,0.2,90,165.1
741,185,815,259,185,9,156,0.2,1,13,0.2,90,165
960,240,764.7,0,234,45,78,0.2,1,13,0.2,56,164.9
960,240,771.9,0,234,45,58.5,0.2,1,13,0.2,56,164.7
960,240,779.2,0,234,45,39,0.2,1,13,0.2,56,163.3
960,240,787.1,0,234,45,19.5,0.2,1,13,0.2,56,163.1
960,240,740.7,0,234,45,156,0.2,1,13,0.2,28,162.8
701.5,210.5,820.8,259.6,164.2,17.5,156,0.18,1,13,0.2,28,161.9
900,220,1005,0,163,40,156,0.15,1,13,0.2,56,161.6
792,264,1056,0,173,21.1,156,0.16,1,13,0.2,90,161.47
960,240,786.4,0,234,45,19.5,0.2,1,13,0.2,56,160.9
960,240,754,0,234,45,117,0.2,1,13,0.2,28,160.6
960,240,706.2,0,234,57,156,0.2,1,13,0.2,28,160.1
784,261,1045,0,171,20.9,234,0.16,1,13,0.2,28,158.32
950,234,1030,95,215,12.7,234,0.18,1,13,0.2,28,158.1
960,240,720.7,0,234,57,117,0.2,1,13,0.2,28,156.2
874.9,43.7,1273.4,0,202.1,45.9,195,0.22,1,13,0.2,28,155.71
960,240,767.2,0,234,45,78,0.2,1,13,0.2,28,154.8
960,240,764.7,0,234,45,78,0.2,1,13,0.2,28,154.8
960,240,773.8,0,234,45,58.5,0.2,1,13,0.2,28,152.5
960,240,771.9,0,234,45,58.5,0.2,1,13,0.2,28,151.8
792,264,1056,0,173,21.1,156,0.16,1,13,0.2,28,150.13
960,240,780.5,0,234,45,39,0.2,1,13,0.2,28,150.1
800,267,1067,0,175,21.3,78,0.16,1,13,0.2,90,148.87
960,240,787.1,0,234,45,19.5,0.2,1,13,0.2,28,148.7
960,240,779.2,0,234,45,39,0.2,1,13,0.2,28,148.6
699.9,43.7,1273.4,175,202.1,45.9,195,0.27,1,13,0.2,28,148.32
729,182,1150,0,182,27,156,0.2,1,13,0.2,28,148
817,204,1102,0,204,25,156,0.2,1,13,0.2,28,147.5
874.9,43.7,1273.4,0,202.1,45.9,156,0.22,1,13,0.2,28,146.31
890,222,799,0,222,29.6,119,0.2,1,13,0.25,7,146.1
825,206,1114,0,206,25,78,0.2,1,13,0.2,28,145.5
950,200,690,350,230,53,234,0.2,1,13,0.2,28,144.7
960,240,786.4,0,234,45,19.5,0.2,1,13,0.2,28,144.5
950,200,810,350,230,53,234,0.2,1,13,0.2,28,144.5
741,185,815,259,185,9,156,0.2,1,13,0.2,7,144
900,220,1005,0,163,40,156,0.15,1,13,0.2,28,143
863,216,923,0,177,32.37,156,0.16,1,13,0.2,28,142.1
950,200,570,350,230,53,234,0.2,1,13,0.2,28,140.7
699.9,43.7,1273.4,175,202.1,45.9,156,0.27,1,13,0.2,28,139.6
960,240,740.7,0,234,45,156,0.2,1,13,0.2,7,136.6
900,220,1005,0,163,40,156,0.15,1,13,0.2,14,132.9
960,240,706.2,0,234,57,156,0.2,1,13,0.2,7,132.4
874.9,43.7,1273.4,0,202.1,45.9,117,0.22,1,13,0.2,28,132.22
890,222,799,0,222,29.7,117,0.2,1,13,0.2,28,130.3
699.9,43.7,1273.4,175,202.1,45.9,117,0.27,1,13,0.2,28,130.2
960,240,720.7,0,234,57,117,0.2,1,13,0.2,7,130
800,267,1067,0,175,21.3,78,0.16,1,13,0.2,28,129.96
960,240,754,0,234,45,117,0.2,1,13,0.2,7,129.2
784,261,1045,0,171,20.9,234,0.16,1,13,0.2,7,128.07
960,240,764.7,0,234,45,78,0.2,1,13,0.2,7,127.4
960,240,767.2,0,234,45,78,0.2,1,13,0.2,7,126.9
874.9,43.7,1273.4,0,202.1,45.9,78,0.22,1,13,0.2,28,124.83
960,240,773.8,0,234,45,58.5,0.2,1,13,0.2,7,124.2
900,220,1005,0,163,40,156,0.15,1,13,0.2,7,124.1
792,264,1056,0,173,21.1,156,0.16,1,13,0.2,7,123.66
699.9,43.7,1273.4,175,202.1,45.9,195,0.27,1,13,0.2,7,122.82
960,240,771.9,0,234,45,58.5,0.2,1,13,0.2,7,122.6
960,240,780.5,0,234,45,39,0.2,1,13,0.2,7,121.8
874.9,43.7,1273.4,0,202.1,45.9,156,0.22,1,13,0.2,7,120.81
699.9,43.7,1273.4,175,202.1,45.9,78,0.27,1,13,0.2,28,120.81
960,240,779.2,0,234,45,39,0.2,1,13,0.2,7,120.2
1076.77,286.23,1090.8,0,272.6,46.2,0,0.2,0,0,0,28,191.5
1116.7,390.85,625.35,0,212.17,23.45,0,0.14,0,0,0,42,189.4
1076.77,286.23,1090.8,0,272.6,46.2,0,0.2,0,0,0,28,189.3
1076.77,286.23,1090.8,0,272.6,46.2,0,0.2,0,0,0,28,184.5
750,158,444,662,189,37.5,0,0.21,0,0,0,28,184.2
958.55,50.45,1456.8,0,201.8,34.2,0,0.2,0,0,0,90,180.8
960,240,793.7,0,234,45,0,0.2,0,0,0,90,180.4
958.55,50.45,1456.8,0,201.8,34.2,0,0.2,0,0,0,90,180.1
810,90,1539,0,162,18,0,0.18,0,0,0,365,177
810,90,1539,0,162,18,0,0.18,0,0,0,365,177
958.55,50.45,1456.8,0,201.8,34.2,0,0.2,0,0,0,90,176.9
800,200,980,100,200,9.6,0,0.2,0,0,0,90,175.9
1009,0,1456.8,0,201.8,34.2,0,0.2,0,0,0,90,175.3
810,90,1539,0,162,18,0,0.18,0,0,0,180,174
810,90,1539,0,162,18,0,0.18,0,0,0,180,174
960,240,793.7,0,234,45,0,0.2,0,0,0,56,173.6
1009,0,1456.8,0,201.8,34.2,0,0.2,0,0,0,90,172
1009,0,1456.8,0,201.8,34.2,0,0.2,0,0,0,90,171.4
1116.7,390.85,625.35,0,212.17,23.45,0,0.14,0,0,0,21,170.9
1116.7,390.85,625.35,0,212.17,23.45,0,0.14,0,0,0,28,170.9
955,239,1051,0,143,15,0,0.12,0,0,0,28,170
810,90,1539,0,162,18,0,0.18,0,0,0,90,170
810,90,1539,0,162,18,0,0.18,0,0,0,90,170
630,70,1788,0,126,18,0,0.18,0,0,0,365,169
853,170.6,1023.6,255.9,196.19,29.86,0,0.19,0,0,0,56,168.4
998.8,176.25,1010.1,0,141,75.2,0,0.12,0,0,0,28,167.6
630,70,1788,0,126,18,0,0.18,0,0,0,180,167
800,100,980,200,200,9.6,0,0.22,0,0,0,90,166.4
1151.11,211.89,1231,0,272.6,46.2,0,0.2,0,0,0,28,165.8
1076.77,286.23,1090.8,0,272.6,46.2,0,0.2,0,0,0,28,165.6
1076.77,286.23,1090.8,0,272.6,46.2,0,0.2,0,0,0,28,164.6
1151.11,211.89,1231,0,272.6,46.2,0,0.2,0,0,0,28,163.9
800,200,880,200,200,9.6,0,0.2,0,0,0,90,163.3
1009,0,1456.8,0,201.8,34.2,0,0.2,0,0,0,90,163.1
998.8,176.25,1013.9,0,164.5,49.4,0,0.14,0,0,0,28,162.2
890,222,837,0,222,29.6,0,0.2,0,0,0,28,161.9
960,240,793.7,0,234,45,0,0.2,0,0,0,180,161.3
450,50,1992,0,90,18,0,0.18,0,0,0,365,161
750,158,444,662,189,37.5,0,0.21,0,0,0,28,160.7
1076.77,286.23,1090.8,0,272.6,46.2,0,0.2,0,0,0,28,160.6
1116.7,390.85,625.35,0,212.17,23.45,0,0.14,0,0,0,28,160.5
630,70,1788,0,126,18,0,0.18,0,0,0,90,160
1009,0,1456.8,0,201.8,34.2,0,0.2,0,0,0,90,160
1151.11,211.89,1231,0,272.6,46.2,0,0.2,0,0,0,28,159.7
1009,0,1456.8,0,201.8,34.2,0,0.2,0,0,0,90,159.6
800,200,1080,0,200,14.4,0,0.2,0,0,0,28,159.2
450,50,1992,0,90,18,0,0.18,0,0,0,180,159
853,170.6,1023.6,255.9,196.19,29.86,0,0.19,0,0,0,28,158.9
750,158,444,662,189,37.5,0,0.21,0,0,0,28,157.8
960,240,793.7,0,234,45,0,0.2,0,0,0,28,157.8
922,230,1152,0,184,11.52,0,0.16,0,0,0,28,156.8
1251.2,291.3,407.8,0,201.4,28.2,0,0.13,0,0,0,56,156.53
960,240,793.7,0,234,45,0,0.2,0,0,0,90,156.1
958.55,50.45,1231,0,201.8,34.2,0,0.2,0,0,0,90,155.2
998.8,176.25,1010.1,0,141,75.2,0,0.12,0,0,0,14,153.3
450,50,1992,0,90,18,0,0.18,0,0,0,90,151
900,108,1000,0,161.28,18,0,0.16,0,0,0,28,151
1009,0,1456.8,0,201.8,34.2,0,0.2,0,0,0,56,150.2
960,240,793.7,0,234,45,0,0.2,0,0,0,56,150.1
810,90,1539,0,162,18,0,0.18,0,0,0,56,150
810,90,1539,0,162,18,0,0.18,0,0,0,56,150
1009,0,1231,0,201.8,34.2,0,0.2,0,0,0,90,149.7
958.55,50.45,1456.8,0,201.8,34.2,0,0.2,0,0,0,56,149.6
853,170.6,1023.6,255.9,196.19,29.86,0,0.19,0,0,0,14,149.5
1251.2,291.3,407.8,0,201.4,28.2,0,0.13,0,0,0,56,149.2
958.55,50.45,1456.8,0,201.8,34.2,0,0.2,0,0,0,56,149
1009,0,1456.8,0,201.8,34.2,0,0.2,0,0,0,56,149
1009,0,1456.8,0,201.8,34.2,0,0.2,0,0,0,56,148.9
958.55,50.45,1456.8,0,201.8,34.2,0,0.2,0,0,0,56,148.4
750,158,444,662,189,37.5,0,0.21,0,0,0,28,148.2
801,89,1401.2,0,178,30.2,0,0.2,0,0,0,90,148.2
870,131,1238,0,180,8,0,0.2,0,0,0,28,148
801,89,1401.2,0,178,30.2,0,0.2,0,0,0,90,148
801,89,1401.2,0,178,30.2,0,0.2,0,0,0,56,147.8
800,100,980,200,200,9.6,0,0.22,0,0,0,28,147.3
1251.2,291.3,407.8,0,201.4,28.2,0,0.13,0,0,0,28,147.27
833,208,1125,0,208,25,0,0.2,0,0,0,28,147
801,89,1401.2,0,178,30.2,0,0.2,0,0,0,56,147
845.5,44.5,1401.2,0,178,30.2,0,0.2,0,0,0,90,146.8
1009,0,1456.8,0,201.8,34.2,0,0.2,0,0,0,56,146.7
801,89,1401.2,0,178,30.2,0,0.2,0,0,0,56,146.6
800,200,980,100,200,9.6,0,0.2,0,0,0,28,146.5
1009,0,1456.8,0,201.8,34.2,0,0.2,0,0,0,56,146.5
1116.7,390.85,625.35,0,212.17,23.45,0,0.14,0,0,0,28,146.5
998.8,176.25,1013.9,0,164.5,49.4,0,0.14,0,0,0,14,146.1
630,70,1788,0,126,18,0,0.18,0,0,0,56,146
801,89,1401.2,0,178,30.2,0,0.2,0,0,0,90,146
750,158,444,662,189,37.5,0,0.21,0,0,0,28,145.9
750,158,444,662,189,37.5,0,0.21,0,0,0,28,145.9
845.5,44.5,1401.2,0,178,30.2,0,0.2,0,0,0,90,145.8
845.5,44.5,1401.2,0,178,30.2,0,0.2,0,0,0,90,145.6
1076.77,286.23,1090.8,0,272.6,46.2,0,0.2,0,0,0,28,145.4
750,158,444,662,189,37.5,0,0.21,0,0,0,28,145.2
750,158,444,662,189,37.5,0,0.21,0,0,0,28,145.2
845.5,44.5,1401.2,0,178,30.2,0,0.2,0,0,0,90,145.1
870,131,1183,0,200,9,0,0.2,0,0,0,28,145
845.5,44.5,1401.2,0,178,30.2,0,0.2,0,0,0,90,144.8
828,207,911,248,186.4,21,0,0.18,0,0,0,28,144.6
850,212.5,935,255,212.5,21.2,0,0.2,0,0,0,28,144.6
1009,0,1456.8,0,201.8,34.2,0,0.2,0,0,0,56,144.1
845.5,44.5,1401.2,0,178,30.2,0,0.2,0,0,0,90,143.7
845.5,44.5,1401.2,0,178,30.2,0,0.2,0,0,0,56,143.6
845.5,44.5,1401.2,0,178,30.2,0,0.2,0,0,0,56,143.5
1116.7,390.85,625.35,0,212.17,23.45,0,0.14,0,0,0,28,143.5
845.5,44.5,1401.2,0,178,30.2,0,0.2,0,0,0,56,143
870,131,1185,0,200,8,0,0.2,0,0,0,28,142
750,150,1362,0,162,7.2,0,0.2,0,0,0,28,142
756.5,133.5,1401.2,0,178,30.2,0,0.2,0,0,0,90,141.6
800,200,880,200,200,9.6,0,0.2,0,0,0,28,141.3
1251.2,291.3,407.8,0,201.4,28.2,0,0.13,0,0,0,28,141.3
800,100,980,200,200,9.6,0,0.22,0,0,0,90,141.1
870,131,1132,0,220,8,0,0.2,0,0,0,28,141
1251.2,291.3,407.8,0,201.4,28.2,0,0.13,0,0,0,14,140.83
750,158,444,662,189,37.5,0,0.21,0,0,0,28,140.7
1116.7,390.85,625.35,0,212.17,23.45,0,0.14,0,0,0,28,140.4
936,140.4,1170,0,224.64,28.08,0,0.21,0,0,0,28,140.1
750,150,1315,0,180,7.2,0,0.2,0,0,0,28,140
870,131,1188,0,200,7,0,0.2,0,0,0,28,140
756.5,133.5,1401.2,0,178,30.2,0,0.2,0,0,0,56,139.4
1009,0,1231,0,201.8,34.2,0,0.2,0,0,0,90,139.3
890,0,1401.2,0,178,30.2,0,0.2,0,0,0,90,139.1
833,167,1166,0,200,8,0,0.2,0,0,0,28,139
450,50,1992,0,90,18,0,0.18,0,0,0,56,139
801,89,1401.2,0,178,30.2,0,0.2,0,0,0,28,138.9
845.5,44.5,1401.2,0,178,30.2,0,0.2,0,0,0,56,138.9
756.5,133.5,1401.2,0,178,30.2,0,0.2,0,0,0,90,138.9
750,158,444,662,189,37.5,0,0.21,0,0,0,28,138.8
845.5,44.5,1401.2,0,178,30.2,0,0.2,0,0,0,56,138.8
950,255,873,0,189,31,0,0.16,0,0,0,90,138.7
756.5,133.5,1401.2,0,178,30.2,0,0.2,0,0,0,56,138.7
890,222,837,0,222,29.6,0,0.2,0,0,0,7,138.6
845.5,44.5,1401.2,0,178,30.2,0,0.2,0,0,0,56,138.4
756.5,133.5,1401.2,0,178,30.2,0,0.2,0,0,0,90,138.4
756.5,133.5,1401.2,0,178,30.2,0,0.2,0,0,0,56,138
998.8,176.25,1010.1,0,141,75.2,0,0.12,0,0,0,7,137.9
853,170.6,1023.6,255.9,196.19,29.86,0,0.19,0,0,0,7,137.9
712,178,1401.2,0,178,30.2,0,0.2,0,0,0,90,137.9
801,89,1401.2,0,178,30.2,0,0.2,0,0,0,28,137.4
810,90,1539,0,162,18,0,0.18,0,0,0,28,137
810,90,1539,0,162,18,0,0.18,0,0,0,28,137
756.5,133.5,1401.2,0,178,30.2,0,0.2,0,0,0,28,136.9
712,178,1401.2,0,178,30.2,0,0.2,0,0,0,90,136.8
960,240,793.7,0,234,45,0,0.2,0,0,0,28,136.6
845.5,44.5,1401.2,0,178,30.2,0,0.2,0,0,0,28,136.4
712,178,1401.2,0,178,30.2,0,0.2,0,0,0,56,136.4
756.5,133.5,1401.2,0,178,30.2,0,0.2,0,0,0,28,136.3
845.5,44.5,1401.2,0,178,30.2,0,0.2,0,0,0,28,136.3
712,178,1401.2,0,178,30.2,0,0.2,0,0,0,90,136.3
890,0,1401.2,0,178,30.2,0,0.2,0,0,0,90,136.1
805,224,971,0,195,15,0,0.19,0,0,0,28,136
845.5,44.5,1401.2,0,178,30.2,0,0.2,0,0,0,28,135.8
756.5,133.5,1401.2,0,178,30.2,0,0.2,0,0,0,28,135.7
712,178,1401.2,0,178,30.2,0,0.2,0,0,0,56,135.5
750,158,444,662,189,37.5,0,0.21,0,0,0,28,135.4
1251.2,291.3,407.8,0,201.4,28.2,0,0.13,0,0,0,14,135.1
750,150,1312,0,180,8.1,0,0.2,0,0,0,28,135
783,117,1333,0,180,7.2,0,0.2,0,0,0,28,135
630,70,1788,0,126,18,0,0.18,0,0,0,28,135
1009,0,1456.8,0,201.8,34.2,0,0.2,0,0,0,28,135
845.5,44.5,1401.2,0,178,30.2,0,0.2,0,0,0,28,134.8
788,197,866.8,315,173,14.77,0,0.18,0,0,0,21,134.7
788,197,866.8,315,173,14.77,0,0.18,0,0,0,28,134.7
801,89,1401.2,0,178,30.2,0,0.2,0,0,0,28,134.6
958.55,50.45,1456.8,0,201.8,34.2,0,0.2,0,0,0,28,134.2
712,178,1401.2,0,178,30.2,0,0.2,0,0,0,56,134.2
890,0,1401.2,0,178,30.2,0,0.2,0,0,0,90,134.1
750,150,1317,0,180,6.3,0,0.2,0,0,0,28,134
845.5,44.5,1401.2,0,178,30.2,0,0.2,0,0,0,28,134
863,216,1079,0,194.22,43.16,0,0.18,0,0,0,28,133.6
890,0,1401.2,0,178,30.2,0,0.2,0,0,0,90,133.1
696,104,1522,0,144,6.4,0,0.2,0,0,0,28,133
1009,0,1456.8,0,201.8,34.2,0,0.2,0,0,0,28,132.9
958.55,50.45,1456.8,0,201.8,34.2,0,0.2,0,0,0,28,132.8
958.55,50.45,1456.8,0,201.8,34.2,0,0.2,0,0,0,28,132.8
845.5,44.5,1401.2,0,178,30.2,0,0.2,0,0,0,28,132.8
850,150,1224,0,180,11.99,0,0.18,0,0,0,28,132.59
950,255,873,0,189,31,0,0.16,0,0,0,28,132.5
1009,0,1456.8,0,201.8,34.2,0,0.2,0,0,0,28,132.5
890,0,1401.2,0,178,30.2,0,0.2,0,0,0,56,132.1
750,158,444,662,189,37.5,0,0.21,0,0,0,28,131.9
890,0,1401.2,0,178,30.2,0,0.2,0,0,0,28,131.8
1009,0,1456.8,0,201.8,34.2,0,0.2,0,0,0,28,131.7
1009,0,1456.8,0,201.8,34.2,0,0.2,0,0,0,28,131.7
890,0,1401.2,0,178,30.2,0,0.2,0,0,0,56,131.4
890,0,1401.2,0,178,30.2,0,0.2,0,0,0,90,131.2
890,0,1401.2,0,178,30.2,0,0.2,0,0,0,90,131.1
450,50,1992,0,90,18,0,0.18,0,0,0,28,131
890,0,1401.2,0,178,30.2,0,0.2,0,0,0,56,130.7
720,80,1422.9,0,160,29.6,0,0.2,0,0,0,90,130.3
890,0,1401.2,0,178,30.2,0,0.2,0,0,0,28,130.3
890,0,1401.2,0,178,30.2,0,0.2,0,0,0,28,130.2
850,150,1173,0,200,14.03,0,0.2,0,0,0,28,129.95
1009,0,1456.8,0,201.8,34.2,0,0.2,0,0,0,28,129.7
712,178,1401.2,0,178,30.2,0,0.2,0,0,0,28,129.5
1009,0,1231,0,201.8,34.2,0,0.2,0,0,0,56,129.3
958.55,50.45,1231,0,201.8,34.2,0,0.2,0,0,0,56,129
998.8,176.25,1013.9,0,164.5,49.4,0,0.14,0,0,0,7,129
850.34,149.66,1224.49,0,180,11.99,0,0.18,0,0,0,7,128.9
1076.77,286.23,1090.8,0,272.6,46.2,0,0.2,0,0,0,28,128.7
720,180,1353.6,0,162,10.8,0,0.18,0,0,0,28,128.2
850,150,1173,0,200,11.99,0,0.2,0,0,0,28,128.1
696,104,1477,0,160,7.2,0,0.2,0,0,0,28,128
750,150,1267,0,198,7.2,0,0.2,0,0,0,28,128
801,89,1231,0,178,30.2,0,0.2,0,0,0,90,127.6
712,178,1401.2,0,178,30.2,0,0.2,0,0,0,28,127.6
845.5,44.5,1401.2,0,178,30.2,0,0.2,0,0,0,7,127.5
712,178,1401.2,0,178,30.2,0,0.2,0,0,0,28,127.5
801,89,1231,0,178,30.2,0,0.2,0,0,0,56,127.4
720,180,1296,0,180,12.6,0,0.2,0,0,0,28,127.32
850,150,1181.5,0,200,10.03,0,0.2,0,0,0,28,127.32
890,0,1401.2,0,178,30.2,0,0.2,0,0,0,56,126.8
800,200,1160,0,200,12,0,0.2,0,0,0,28,126.6
809,270,1079,0,177,21.6,0,0.16,0,0,0,90,126.5
1009,0,1231,0,201.8,34.2,0,0.2,0,0,0,56,126.2
845.5,44.5,1231,0,178,30.2,0,0.2,0,0,0,90,126.2
850.34,149.66,1173.47,0,200,14.03,0,0.2,0,0,0,7,126.2
696,104,1479,0,160,6.4,0,0.2,0,0,0,28,126
890,0,1401.2,0,178,30.2,0,0.2,0,0,0,56,125.7
720,180,1310.4,0,180,9,0,0.2,0,0,0,28,125.56
788,197,866.8,315,173,14.77,0,0.18,0,0,0,14,125.5
845.5,44.5,1231,0,178,30.2,0,0.2,0,0,0,90,125.4
720,80,1422.9,0,160,29.6,0,0.2,0,0,0,90,125.3
750,158,444,662,189,37.5,0,0.21,0,0,0,28,125
800,200,1148,0,200,8,0,0.2,0,0,0,28,125
696,104,1481,0,160,5.6,0,0.2,0,0,0,28,125
750,250,1140,0,200,12,0,0.2,0,0,0,28,125
1251.2,291.3,407.8,0,201.4,28.2,0,0.13,0,0,0,7,124.94
890,0,1401.2,0,178,30.2,0,0.2,0,0,0,28,124.9
890,0,1401.2,0,178,30.2,0,0.2,0,0,0,56,124.5
720,180,1353.6,0,162,10.8,0,0.18,0,0,0,7,124.3
720,180,1303.2,0,180,10.8,0,0.2,0,0,0,28,124.2
720,80,1422.9,0,160,29.6,0,0.2,0,0,0,56,124.2
845.5,44.5,1231,0,178,30.2,0,0.2,0,0,0,56,124.1
800,0,1471.3,0,160,21.6,0,0.2,0,0,0,90,124.1
828,207,911,248,186.4,21,0,0.18,0,0,0,7,124.1
845.5,44.5,1401.2,0,178,30.2,0,0.2,0,0,0,7,124
960,240,793.7,0,234,45,0,0.2,0,0,0,7,124
720,180,1296,0,180,12.6,0,0.2,0,0,0,7,124
850.34,149.66,1173.47,0,200,11.99,0,0.2,0,0,0,7,124
800,200,1160,0,200,12,0,0.2,0,0,0,7,123.5
850.34,149.66,1181.97,0,200,10.03,0,0.2,0,0,0,7,123.5
675,225,1289.25,0,180,10.8,0,0.2,0,0,0,28,123.4
850,212.5,935,255,212.5,21.2,0,0.2,0,0,0,28,123.2
809,270,1079,0,177,21.6,0,0.16,0,0,0,28,123.2
680,120,1502.8,0,144,9.59,0,0.18,0,0,0,28,122.93
850,150,1122,0,220,11.99,0,0.22,0,0,0,28,122.93
765,135,1315.8,0,180,10.79,0,0.2,0,0,0,28,122.6
890,222,837,0,222,29.6,0,0.2,0,0,0,28,122.4
720,180,1310.4,0,180,9,0,0.2,0,0,0,7,122.3
890,0,1401.2,0,178,30.2,0,0.2,0,0,0,28,122.1
680,120,1462,0,160,11.22,0,0.2,0,0,0,28,122.05
720,180,1260,0,198,10.8,0,0.22,0,0,0,28,122.05
845.5,44.5,1401.2,0,178,30.2,0,0.2,0,0,0,7,121.9
890,0,1401.2,0,178,30.2,0,0.2,0,0,0,28,121.4
845.5,44.5,1401.2,0,178,30.2,0,0.2,0,0,0,7,121.3
958.55,50.45,1456.8,0,201.8,34.2,0,0.2,0,0,0,7,121.3
756.5,133.5,1231,0,178,30.2,0,0.2,0,0,0,90,120.9
845.5,44.5,1401.2,0,178,30.2,0,0.2,0,0,0,7,120.9
750.19,249.81,1140.29,0,200,12,0,0.2,0,0,0,7,120.8
720,80,1422.9,0,160,29.6,0,0.2,0,0,0,28,120.7
720,180,1303.2,0,180,10.8,0,0.2,0,0,0,7,120.6
1009,0,1456.8,0,201.8,34.2,0,0.2,0,0,0,7,120.5
1116.7,390.85,625.35,0,212.17,23.45,0,0.14,0,0,0,7,120.2
845.5,44.5,1231,0,178,30.2,0,0.2,0,0,0,56,120.1
756.5,133.5,1231,0,178,30.2,0,0.2,0,0,0,56,120.1
720,180,1298,0,180,7.2,0,0.2,0,0,0,28,120
667,133,1463,0,160,6.4,0,0.2,0,0,0,28,120
